episode_id,event_id,state,state_fips_code,event_type,cz_type,cz_fips_code,cz_name,wfo,event_begin_time,event_timezone,event_end_time,injuries_direct,injuries_indirect,deaths_direct,deaths_indirect,damage_property,damage_crops,source,magnitude,magnitude_type,flood_cause,tor_f_scale,tor_length,tor_width,tor_other_wfo,location_index,event_range,event_azimuth,reference_location,event_latitude,event_longitude,event_point
175594,1067395,Ha,15,high wind,Z,28,BIG ISLAND SUMMIT,HFO,2022-12-19T13:29:00,HST-10,2022-12-19T13:29:00,0,0,0,0,0,0,Mesonet,144.0,MG,,nan,,,,,,,,,,
176265,1071409,Ca,6,high wind,Z,72,GREATER LAKE TAHOE AREA,REV,2022-12-30T16:00:00,PST-8,2022-12-30T16:30:00,0,0,0,0,0,0,Public,139.0,MG,,nan,,,,,,,,,,
166953,1020157,Ca,6,high wind,Z,72,GREATER LAKE TAHOE AREA,REV,2022-04-11T13:00:00,PST-8,2022-04-11T13:00:00,0,0,0,0,0,0,Mesonet,136.0,MG,,nan,,,,,,,,,,
176038,1068795,Ut,49,high wind,Z,110,WASATCH MOUNTAINS I-80 NORTH,SLC,2022-12-27T14:00:00,MST-7,2022-12-27T14:00:00,0,0,0,0,0,0,Mesonet,129.0,MG,,nan,,,,,,,,,,
176037,1068775,Ut,49,high wind,Z,111,WASATCH MOUNTAINS SOUTH OF I-80,SLC,2022-12-21T21:00:00,MST-7,2022-12-21T21:00:00,0,0,0,0,0,0,Mesonet,113.0,MG,,nan,,,,,,,,,,
170217,1032566,So,46,thunderstorm wind,C,13,BROWN,ABR,2022-06-14T03:50:00,CST-6,2022-06-14T03:50:00,0,0,0,0,0,0,Emergency Manager,113.0,EG,,nan,,,,,,,,,,
168419,1019579,Wy,56,high wind,Z,3,CODY FOOTHILLS,RIW,2022-04-19T06:30:00,MST-7,2022-04-19T17:30:00,0,0,0,0,0,0,Mesonet,111.0,MG,,nan,,,,,,,,,,
170478,1033786,So,46,thunderstorm wind,C,87,MCCOOK,FSD,2022-05-12T15:50:00,CST-6,2022-05-12T15:55:00,0,0,0,0,0,0,Public,109.0,EG,,nan,,,,,,,,,,
170217,1033748,So,46,thunderstorm wind,C,13,BROWN,ABR,2022-06-14T04:00:00,CST-6,2022-06-14T04:10:00,0,0,0,0,0,0,Public,104.0,MG,,nan,,,,,,,,,,
169924,1032513,So,46,thunderstorm wind,C,75,JONES,ABR,2022-06-12T21:30:00,CST-6,2022-06-12T21:45:00,0,0,0,0,0,0,NWS Storm Survey,104.0,EG,,nan,,,,,,,,,,
164554,993464,Ca,6,high wind,Z,73,MONO,REV,2022-01-21T11:30:00,PST-8,2022-01-21T12:30:00,0,0,0,0,0,0,Mesonet,104.0,MG,,nan,,,,,,,,,,
170217,1032554,So,46,thunderstorm wind,C,45,EDMUNDS,ABR,2022-06-14T03:05:00,CST-6,2022-06-14T03:05:00,0,0,0,0,0,0,Mesonet,104.0,MG,,nan,,,,,,,,,,
171987,1044245,No,38,thunderstorm wind,C,7,BILLINGS,BIS,2022-07-10T00:35:00,MST-7,2022-07-10T00:50:00,0,0,0,0,1000000,0,Emergency Manager,104.0,EG,,nan,,,,2.0,1.0,E,FAIRFIELD,47.18,-103.1987,POINT(-103.1987 47.18)
168703,1041889,Oh,39,thunderstorm wind,C,157,TUSCARAWAS,PBZ,2022-06-13T23:27:00,EST-5,2022-06-13T23:27:00,0,0,0,0,75000,15000,NWS Storm Survey,104.0,EG,,nan,,,,,,,,,,
168703,1041888,Oh,39,thunderstorm wind,C,157,TUSCARAWAS,PBZ,2022-06-13T23:27:00,EST-5,2022-06-13T23:27:00,0,0,0,0,0,0,NWS Storm Survey,104.0,EG,,nan,,,,,,,,,,
171987,1044245,No,38,thunderstorm wind,C,7,BILLINGS,BIS,2022-07-10T00:35:00,MST-7,2022-07-10T00:50:00,0,0,0,0,1000000,0,Emergency Manager,104.0,EG,,nan,,,,1.0,8.0,W,FAIRFIELD,47.18,-103.3904,POINT(-103.3904 47.18)
164554,993463,Ca,6,high wind,Z,72,GREATER LAKE TAHOE AREA,REV,2022-01-22T01:00:00,PST-8,2022-01-22T02:00:00,0,0,0,0,0,0,Mesonet,103.0,MG,,nan,,,,,,,,,,
166135,1010636,Ne,32,high wind,Z,3,GREATER RENO/CARSON CITY/MINDEN AREA,REV,2022-03-13T07:00:00,PST-8,2022-03-13T08:00:00,0,0,0,0,0,0,Mesonet,101.0,MG,,nan,,,,,,,,,,
176265,1071408,Ca,6,high wind,Z,73,MONO,REV,2022-12-30T11:50:00,PST-8,2022-12-30T12:30:00,0,0,0,0,0,0,Mesonet,101.0,MG,,nan,,,,,,,,,,
167193,1011933,Co,8,high wind,Z,33,S & E JACKSON / LARIMER / N & NE GRAND / NW BOULDER COUNTIES ABOVE 9000 FEET,BOU,2022-04-04T04:10:00,MST-7,2022-04-04T09:00:00,0,0,0,0,0,0,Mesonet,101.0,MG,,nan,,,,,,,,,,
168548,1037210,Ka,20,thunderstorm wind,C,161,RILEY,TOP,2022-06-11T18:20:00,CST-6,2022-06-11T18:22:00,0,0,0,0,0,0,Public,100.0,EG,,nan,,,,1.0,1.48,NNE,MANHATTAN,39.2,-96.57,POINT(-96.57 39.2)
167022,1020186,Ca,6,high wind,Z,72,GREATER LAKE TAHOE AREA,REV,2022-04-16T11:15:00,PST-8,2022-04-16T11:15:00,0,0,0,0,0,0,Public,98.0,MG,,nan,,,,,,,,,,
169397,1034295,Ca,6,high wind,Z,73,MONO,REV,2022-06-12T18:58:00,PST-8,2022-06-12T18:58:00,0,0,0,0,0,0,Mesonet,97.0,MG,,nan,,,,,,,,,,
167029,1020265,Ne,32,high wind,Z,2,GREATER LAKE TAHOE AREA,REV,2022-04-18T22:50:00,PST-8,2022-04-18T22:50:00,0,0,0,0,0,0,Mesonet,97.0,MG,,nan,,,,,,,,,,
175791,1067308,Wy,56,high wind,Z,15,WIND RIVER MOUNTAINS EAST,RIW,2022-11-05T11:44:00,MST-7,2022-11-05T14:44:00,0,0,0,0,0,0,Mesonet,96.0,MG,,nan,,,,,,,,,,
166653,1008152,Ca,6,high wind,Z,338,MOJAVE DESERT SLOPE(S),HNX,2022-04-11T16:26:00,PST-8,2022-04-11T16:26:00,0,0,0,0,0,0,RAWS,96.0,MG,,nan,,,,,,,,,,
171058,1038306,No,38,thunderstorm wind,C,21,DICKEY,BIS,2022-06-14T04:00:00,CST-6,2022-06-14T04:30:00,0,0,0,0,1000000,0,Emergency Manager,96.0,EG,,nan,,,,1.0,4.58,SSW,ELLENDALE,45.9377,-98.5527,POINT(-98.5527 45.9377)
171077,1038387,De,10,thunderstorm wind,C,1,KENT,PHI,2022-07-12T18:38:00,EST-5,2022-07-12T18:38:00,0,0,0,0,0,0,State Official,96.0,EG,,nan,,,,1.0,2.12,SW,VERNON,38.86,-75.68,POINT(-75.68 38.86)
171058,1038306,No,38,thunderstorm wind,C,21,DICKEY,BIS,2022-06-14T04:00:00,CST-6,2022-06-14T04:30:00,0,0,0,0,1000000,0,Emergency Manager,96.0,EG,,nan,,,,2.0,0.97,NE,ELLENDALE ARPT,46.0307,-98.507,POINT(-98.507 46.0307)
171077,1038386,De,10,thunderstorm wind,C,1,KENT,PHI,2022-07-12T18:34:00,EST-5,2022-07-12T18:34:00,0,0,0,0,0,0,Public,96.0,EG,,nan,,,,1.0,2.78,WSW,VERNON,38.87,-75.7,POINT(-75.7 38.87)
170478,1038021,So,46,thunderstorm wind,C,79,LAKE,FSD,2022-05-12T16:09:00,CST-6,2022-05-12T16:11:00,0,0,0,0,0,0,Emergency Manager,96.0,EG,,nan,,,,,,,,,,
171077,1038390,De,10,thunderstorm wind,C,1,KENT,PHI,2022-07-12T18:44:00,EST-5,2022-07-12T18:44:00,0,0,0,0,0,0,Broadcast Media,96.0,EG,,nan,,,,1.0,0.69,N,ANDREWSVILLE,38.88,-75.63,POINT(-75.63 38.88)
169756,1028186,Mi,26,thunderstorm wind,C,109,MENOMINEE,MQT,2022-06-15T18:00:00,CST-6,2022-06-15T18:25:00,0,0,0,0,500000,0,NWS Storm Survey,96.0,EG,,nan,,,,2.0,0.63,S,HERMANSVILLE,45.7109,-87.6012,POINT(-87.6012 45.7109)
169035,1024147,Pe,42,thunderstorm wind,C,67,JUNIATA,CTP,2022-06-16T19:20:00,EST-5,2022-06-16T19:22:00,0,0,0,0,50000,0,NWS Storm Survey,96.0,EG,,nan,,,,2.0,1.43,W,VANDYKE,40.5299,-77.2972,POINT(-77.2972 40.5299)
167984,1024495,Ka,20,thunderstorm wind,C,73,GREENWOOD,ICT,2022-04-29T20:45:00,CST-6,2022-04-29T20:49:00,0,0,0,0,0,0,NWS Storm Survey,96.0,EG,,nan,,,,,,,,,,
164802,996495,Ca,6,high wind,Z,73,MONO,REV,2022-02-02T20:00:00,PST-8,2022-02-02T21:00:00,0,0,0,0,0,0,Mesonet,96.0,MG,,nan,,,,,,,,,,
169756,1028186,Mi,26,thunderstorm wind,C,109,MENOMINEE,MQT,2022-06-15T18:00:00,CST-6,2022-06-15T18:25:00,0,0,0,0,500000,0,NWS Storm Survey,96.0,EG,,nan,,,,1.0,0.0,N,FAITHORN,45.68,-87.77,POINT(-87.77 45.68)
169035,1024147,Pe,42,thunderstorm wind,C,67,JUNIATA,CTP,2022-06-16T19:20:00,EST-5,2022-06-16T19:22:00,0,0,0,0,50000,0,NWS Storm Survey,96.0,EG,,nan,,,,1.0,0.68,ESE,CENTRE,40.5449,-77.309,POINT(-77.309 40.5449)
176263,1071368,Ca,6,high wind,Z,72,GREATER LAKE TAHOE AREA,REV,2022-12-27T03:10:00,PST-8,2022-12-27T03:10:00,0,0,0,0,0,0,Mesonet,96.0,MG,,nan,,,,,,,,,,
166134,1010624,Ca,6,high wind,Z,73,MONO,REV,2022-03-13T06:00:00,PST-8,2022-03-13T07:00:00,0,0,0,0,0,0,Mesonet,95.0,MG,,nan,,,,,,,,,,
174068,1057004,Ca,6,high wind,Z,58,SAN DIEGO COUNTY MOUNTAINS,SGX,2022-09-09T06:00:00,PST-8,2022-09-09T09:00:00,0,0,0,0,0,0,Mesonet,95.0,MG,,nan,,,,,,,,,,
166402,1006460,Wy,56,high wind,Z,2,ABSAROKA MOUNTAINS,RIW,2022-02-19T15:12:00,MST-7,2022-02-19T22:00:00,0,0,0,0,0,0,Department of Highways,95.0,MG,,nan,,,,,,,,,,
176264,1071377,Ne,32,high wind,Z,3,GREATER RENO/CARSON CITY/MINDEN AREA,REV,2022-12-26T20:00:00,PST-8,2022-12-26T22:00:00,0,0,0,0,0,0,Mesonet,95.0,MG,,nan,,,,,,,,,,
164414,992533,Ca,6,high wind,Z,72,GREATER LAKE TAHOE AREA,REV,2022-01-14T10:00:00,PST-8,2022-01-14T12:00:00,0,0,0,0,0,0,Mesonet,95.0,MG,,nan,,,,,,,,,,
174227,1056655,Ne,32,high wind,Z,2,GREATER LAKE TAHOE AREA,REV,2022-10-22T02:00:00,PST-8,2022-10-22T03:00:00,0,0,0,0,0,0,Mesonet,94.0,MG,,nan,,,,,,,,,,
164802,996494,Ca,6,high wind,Z,72,GREATER LAKE TAHOE AREA,REV,2022-02-02T20:00:00,PST-8,2022-02-02T21:00:00,0,0,0,0,0,0,Mesonet,94.0,MG,,nan,,,,,,,,,,
170478,1033808,So,46,thunderstorm wind,C,67,HUTCHINSON,FSD,2022-05-12T15:25:00,CST-6,2022-05-12T15:27:00,0,0,0,0,0,0,Mesonet,93.0,MG,,nan,,,,,,,,,,
165991,1003689,Wy,56,high wind,Z,3,CODY FOOTHILLS,RIW,2022-01-07T06:31:00,MST-7,2022-01-07T23:18:00,0,0,0,0,0,0,Mesonet,93.0,MG,,nan,,,,,,,,,,
175624,1066053,Co,8,high wind,Z,34,S & SE GRAND / W CENTRAL & SW BOULDER / GILPIN / CLEAR CREEK / SUMMIT / N & W PARK COUNTIES ABOVE 9000 FEET,BOU,2022-12-01T08:10:00,MST-7,2022-12-01T22:00:00,0,0,0,0,0,0,Mesonet,92.0,MG,,nan,,,,,,,,,,
176601,1073180,Co,8,high wind,Z,85,COLORADO SPRINGS VICINITY / SOUTHERN EL PASO COUNTY / RAMPART RANGE BELOW 7500 FT,PUB,2022-12-01T22:28:00,MST-7,2022-12-01T22:31:00,0,0,0,0,0,0,AWOS,91.0,MG,,nan,,,,,,,,,,
170478,1038028,So,46,thunderstorm wind,C,79,LAKE,FSD,2022-05-12T16:11:00,CST-6,2022-05-12T16:13:00,0,0,0,0,0,0,Emergency Manager,91.0,EG,,nan,,,,,,,,,,
170478,1038022,So,46,thunderstorm wind,C,79,LAKE,FSD,2022-05-12T16:09:00,CST-6,2022-05-12T16:11:00,0,0,0,0,0,0,Emergency Manager,91.0,EG,,nan,,,,,,,,,,
170340,1037542,Ne,31,thunderstorm wind,C,185,YORK,GID,2022-06-14T20:50:00,CST-6,2022-06-14T20:55:00,0,0,0,0,10000000,40000000,NWS Storm Survey,91.0,EG,,nan,,,,,,,,,,
169390,1025989,Ca,6,high wind,Z,73,MONO,REV,2022-05-08T00:00:00,PST-8,2022-05-09T00:00:00,0,0,0,0,0,0,Mesonet,91.0,MG,,nan,,,,,,,,,,
173237,1052085,Te,48,thunderstorm wind,C,183,GREGG,SHV,2022-08-05T14:08:00,CST-6,2022-08-05T14:08:00,1,0,0,0,0,0,NWS Storm Survey,91.0,EG,,nan,,,,1.0,1.53,ENE,LONGVIEW EASTSIDE AR,32.5052,-94.6745,POINT(-94.6745 32.5052)
177507,1100883,Wa,53,high wind,Z,19,SOUTH WASHINGTON CASCADES,PQR,2022-12-27T09:00:00,PST-8,2022-12-27T16:00:00,0,0,0,0,0,0,Mesonet,90.0,MG,,nan,,,,,,,,,,
169398,1034084,Ne,32,high wind,Z,2,GREATER LAKE TAHOE AREA,REV,2022-06-12T12:50:00,PST-8,2022-06-12T12:50:00,0,0,0,0,0,0,Mesonet,90.0,MG,,nan,,,,,,,,,,
166134,1010619,Ca,6,high wind,Z,73,MONO,REV,2022-03-13T06:00:00,PST-8,2022-03-13T07:00:00,0,0,0,0,0,0,Mesonet,90.0,MG,,nan,,,,,,,,,,
169389,1025969,Ne,32,high wind,Z,2,GREATER LAKE TAHOE AREA,REV,2022-05-06T19:50:00,PST-8,2022-05-06T19:50:00,0,0,0,0,0,0,Mesonet,90.0,MG,,nan,,,,,,,,,,
176261,1071331,Ca,6,high wind,Z,72,GREATER LAKE TAHOE AREA,REV,2022-12-10T17:20:00,PST-8,2022-12-10T17:20:00,0,0,0,0,0,0,Mesonet,90.0,MG,,nan,,,,,,,,,,
174846,1059926,Ca,6,high wind,Z,54,LOS ANGELES COUNTY MOUNTAINS,LOX,2022-11-15T20:53:00,PST-8,2022-11-16T14:00:00,0,0,0,0,0,0,Mesonet,89.0,MG,,nan,,,,,,,,,,
166653,1008153,Ca,6,high wind,Z,331,SOUTH END OF THE UPPER SIERRA,HNX,2022-04-11T17:27:00,PST-8,2022-04-11T17:27:00,0,0,0,0,0,0,RAWS,89.0,MG,,nan,,,,,,,,,,
164214,992523,Ca,6,high wind,Z,71,LASSEN/EASTERN PLUMAS/EASTERN SIERRA,REV,2022-01-03T20:00:00,PST-8,2022-01-03T21:00:00,0,0,0,0,0,0,Mesonet,89.0,MG,,nan,,,,,,,,,,
168274,1021717,So,46,thunderstorm wind,C,39,DEUEL,ABR,2022-05-12T16:50:00,CST-6,2022-05-12T16:50:00,0,0,0,0,0,0,Public,89.0,MG,,nan,,,,,,,,,,
170616,1034973,We,54,thunderstorm wind,C,27,HAMPSHIRE,LWX,2022-07-12T14:43:00,EST-5,2022-07-12T14:53:00,0,0,0,0,1500,0,NWS Storm Survey,89.0,MG,,nan,,,,1.0,2.13,NNW,KIRBY,39.21,-78.7391,POINT(-78.7391 39.21)
175023,1064096,Ca,6,high wind,Z,55,SAN BERNARDINO COUNTY MOUNTAINS,SGX,2022-11-08T00:00:00,PST-8,2022-11-09T23:59:00,0,0,0,0,1000,0,Mesonet,88.0,MG,,nan,,,,,,,,,,
166134,1010610,Ca,6,high wind,Z,72,GREATER LAKE TAHOE AREA,REV,2022-03-13T04:00:00,PST-8,2022-03-13T05:00:00,0,0,0,0,0,0,Mesonet,88.0,MG,,nan,,,,,,,,,,
168703,1038689,Oh,39,thunderstorm wind,C,157,TUSCARAWAS,PBZ,2022-06-13T23:22:00,EST-5,2022-06-13T23:22:00,0,0,0,0,50000,15000,Social Media,87.0,EG,,nan,,,,,,,,,,
168681,1021757,Te,48,thunderstorm wind,C,415,SCURRY,MAF,2022-05-01T18:45:00,CST-6,2022-05-01T18:50:00,0,0,0,0,190000,0,NWS Storm Survey,87.0,EG,,nan,,,,1.0,2.0,E,DUNN,32.57,-100.8457,POINT(-100.8457 32.57)
168626,1041865,In,18,thunderstorm wind,C,3,ALLEN,IWX,2022-06-13T20:57:00,EST-5,2022-06-13T21:34:00,0,0,1,0,0,0,NWS Storm Survey,87.0,EG,,nan,,,,2.0,1.31,SW,POE,40.9155,-85.0963,POINT(-85.0963 40.9155)
168626,1041865,In,18,thunderstorm wind,C,3,ALLEN,IWX,2022-06-13T20:57:00,EST-5,2022-06-13T21:34:00,0,0,1,0,0,0,NWS Storm Survey,87.0,EG,,nan,,,,1.0,2.61,NW,ARCOLA,41.1253,-85.3373,POINT(-85.3373 41.1253)
168548,1037196,Ka,20,thunderstorm wind,C,161,RILEY,TOP,2022-06-11T18:22:00,CST-6,2022-06-11T18:23:00,0,0,0,0,0,0,NWS Storm Survey,87.0,EG,,nan,,,,1.0,1.48,NNE,MANHATTAN,39.2,-96.57,POINT(-96.57 39.2)
168548,1037190,Ka,20,thunderstorm wind,C,161,RILEY,TOP,2022-06-11T18:11:00,CST-6,2022-06-11T18:12:00,0,0,0,0,0,0,NWS Storm Survey,87.0,EG,,nan,,,,1.0,2.62,NW,ROCKY FORD,39.26,-96.61,POINT(-96.61 39.26)
167193,1011947,Co,8,high wind,Z,34,S & SE GRAND / W CENTRAL & SW BOULDER / GILPIN / CLEAR CREEK / SUMMIT / N & W PARK COUNTIES ABOVE 9000 FEET,BOU,2022-04-04T04:10:00,MST-7,2022-04-04T09:00:00,0,0,0,0,0,0,Mesonet,87.0,MG,,nan,,,,,,,,,,
168322,1025025,Ok,40,thunderstorm wind,C,49,GARVIN,OUN,2022-04-24T00:55:00,CST-6,2022-04-24T01:05:00,0,0,0,0,75000,0,NWS Storm Survey,87.0,EG,,nan,,,,1.0,2.82,SSE,WHITEBEAD,34.72,-97.29,POINT(-97.29 34.72)
168322,1025025,Ok,40,thunderstorm wind,C,49,GARVIN,OUN,2022-04-24T00:55:00,CST-6,2022-04-24T01:05:00,0,0,0,0,75000,0,NWS Storm Survey,87.0,EG,,nan,,,,2.0,1.33,WSW,PAULS VALLEY,34.73,-97.24,POINT(-97.24 34.73)
168322,1019170,Ok,40,thunderstorm wind,C,109,OKLAHOMA,OUN,2022-04-23T19:24:00,CST-6,2022-04-23T19:35:00,0,0,0,0,75000,0,NWS Storm Survey,87.0,EG,,nan,,,,2.0,2.37,NNW,HARRAH,35.522,-97.175,POINT(-97.175 35.522)
168322,1019170,Ok,40,thunderstorm wind,C,109,OKLAHOMA,OUN,2022-04-23T19:24:00,CST-6,2022-04-23T19:35:00,0,0,0,0,75000,0,NWS Storm Survey,87.0,EG,,nan,,,,1.0,4.45,NE,CHOCTAW,35.537,-97.216,POINT(-97.216 35.537)
171594,1041710,Ne,36,thunderstorm wind,C,69,ONTARIO,BUF,2022-06-16T15:47:00,EST-5,2022-06-16T15:47:00,0,0,0,0,50000,0,Emergency Manager,87.0,EG,,nan,,,,1.0,0.0,N,EAST BLOOMFIELD,42.9,-77.43,POINT(-77.43 42.9)
171007,1041040,Ok,40,thunderstorm wind,C,15,CADDO,OUN,2022-06-08T07:20:00,CST-6,2022-06-08T07:20:00,0,0,0,0,10000,0,Storm Chaser,87.0,EG,,nan,,,,1.0,0.59,NW,GRACEMONT,35.197,-98.266,POINT(-98.266 35.197)
171846,1043356,No,37,thunderstorm wind,C,163,SAMPSON,RAH,2022-06-01T18:05:00,EST-5,2022-06-01T18:05:00,0,0,0,0,100000,0,NWS Storm Survey,87.0,EG,,nan,,,,1.0,1.26,SSE,SALEMBURG,35.0036,-78.5102,POINT(-78.5102 35.0036)
171788,1042780,Wy,56,thunderstorm wind,C,39,TETON,RIW,2022-06-12T15:40:00,MST-7,2022-06-12T15:50:00,0,0,0,0,0,0,NWS Storm Survey,87.0,EG,,nan,,,,,,,,,,
171694,1042239,Ka,20,thunderstorm wind,C,129,MORTON,DDC,2022-06-19T18:30:00,CST-6,2022-06-19T18:30:00,0,0,0,0,0,0,Public,87.0,EG,,nan,,,,1.0,2.07,N,ROLLA,37.15,-101.63,POINT(-101.63 37.15)
167604,1014534,Te,48,thunderstorm wind,C,423,SMITH,SHV,2022-04-12T07:03:00,CST-6,2022-04-12T07:03:00,0,0,0,0,0,0,NWS Storm Survey,87.0,EG,,nan,,,,,,,,,,
171594,1041704,Ne,36,thunderstorm wind,C,51,LIVINGSTON,BUF,2022-06-16T15:12:00,EST-5,2022-06-16T15:12:00,0,0,0,0,50000,0,NWS Storm Survey,87.0,EG,,nan,,,,1.0,0.86,SE,GENESEO,42.79,-77.81,POINT(-77.81 42.79)
167595,1020827,Ka,20,thunderstorm wind,C,39,DECATUR,GLD,2022-04-23T00:30:00,CST-6,2022-04-23T00:30:00,0,0,0,0,1000,0,Social Media,87.0,EG,,nan,,,,,,,,,,
167595,1020893,Ka,20,thunderstorm wind,C,39,DECATUR,GLD,2022-04-23T00:45:00,CST-6,2022-04-23T00:45:00,0,0,0,0,20000,0,Social Media,87.0,EG,,nan,,,,,,,,,,
167595,1020191,Ka,20,thunderstorm wind,C,193,THOMAS,GLD,2022-04-22T18:29:00,CST-6,2022-04-22T18:29:00,0,0,0,0,0,0,Mesonet,87.0,MG,,nan,,,,,,,,,,
167362,1013797,Mi,28,thunderstorm wind,C,33,DE SOTO,MEG,2022-03-30T15:49:00,CST-6,2022-03-30T15:54:00,0,0,0,0,50000,0,Broadcast Media,87.0,EG,,nan,,,,,,,,,,
167278,1012561,Al,1,thunderstorm wind,C,53,ESCAMBIA,MOB,2022-03-18T08:04:00,CST-6,2022-03-18T08:06:00,10,0,0,0,0,0,NWS Storm Survey,87.0,EG,,nan,,,,,,,,,,
166953,1020158,Ca,6,high wind,Z,73,MONO,REV,2022-04-11T14:57:00,PST-8,2022-04-11T14:57:00,0,0,0,0,0,0,Mesonet,87.0,MG,,nan,,,,,,,,,,
172456,1048130,Ar,4,thunderstorm wind,C,13,MARICOPA,PSR,2022-07-17T20:26:00,MST-7,2022-07-17T20:26:00,1,0,0,0,5000000,0,Emergency Manager,87.0,EG,,nan,,,,,,,,,,
166899,1010118,Te,48,thunderstorm wind,C,423,SMITH,SHV,2022-04-05T00:37:00,CST-6,2022-04-05T00:37:00,0,0,1,0,0,0,NWS Storm Survey,87.0,EG,,nan,,,,,,,,,,
170478,1033853,So,46,thunderstorm wind,C,77,KINGSBURY,FSD,2022-05-12T16:23:00,CST-6,2022-05-12T16:27:00,0,0,0,0,0,17000,Trained Spotter,87.0,EG,,nan,,,,,,,,,,
170478,1033781,So,46,thunderstorm wind,C,3,AURORA,FSD,2022-05-12T15:17:00,CST-6,2022-05-12T15:22:00,0,0,0,0,0,21000,Emergency Manager,87.0,EG,,nan,,,,,,,,,,
170333,1036616,Ne,31,thunderstorm wind,C,99,KEARNEY,GID,2022-06-06T19:07:00,CST-6,2022-06-06T19:16:00,0,0,0,0,3000000,15000000,NWS Storm Survey,87.0,EG,,nan,,,,,,,,,,
167705,1033188,Mi,27,thunderstorm wind,C,73,LAC QUI PARLE,MPX,2022-05-12T17:11:00,CST-6,2022-05-12T17:17:00,0,0,0,0,0,0,NWS Storm Survey,87.0,EG,,nan,,,,2.0,4.24,SE,LOUISBURG,45.1242,-96.1222,POINT(-96.1222 45.1242)
169676,1031039,Ok,40,thunderstorm wind,C,141,TILLMAN,OUN,2022-05-31T20:57:00,CST-6,2022-05-31T20:58:00,0,0,0,0,20000,0,Emergency Manager,87.0,EG,,nan,,,,,,,,,,
165646,1003778,Al,1,thunderstorm wind,C,13,BUTLER,MOB,2022-01-09T16:02:00,CST-6,2022-01-09T16:05:00,0,0,0,0,0,0,NWS Storm Survey,87.0,EG,,nan,,,,1.0,4.0,ENE,MONTEREY,31.9222,-86.817,POINT(-86.817 31.9222)
167705,1033188,Mi,27,thunderstorm wind,C,73,LAC QUI PARLE,MPX,2022-05-12T17:11:00,CST-6,2022-05-12T17:17:00,0,0,0,0,0,0,NWS Storm Survey,87.0,EG,,nan,,,,1.0,0.46,E,MADISON,45.02,-96.1905,POINT(-96.1905 45.02)
171594,1041706,Ne,36,thunderstorm wind,C,51,LIVINGSTON,BUF,2022-06-16T15:17:00,EST-5,2022-06-16T15:17:00,0,0,0,0,200000,0,Public,87.0,EG,,nan,,,,1.0,0.69,N,LAKEVILLE,42.84,-77.7,POINT(-77.7 42.84)
170217,1033759,So,46,thunderstorm wind,C,89,MCPHERSON,ABR,2022-06-14T03:45:00,CST-6,2022-06-14T04:00:00,0,0,0,0,0,0,Public,87.0,EG,,nan,,,,,,,,,,
171594,1041705,Ne,36,thunderstorm wind,C,51,LIVINGSTON,BUF,2022-06-16T15:15:00,EST-5,2022-06-16T15:15:00,0,0,0,0,50000,0,NWS Storm Survey,87.0,EG,,nan,,,,1.0,1.52,E,GENESEO,42.8,-77.79,POINT(-77.79 42.8)
170006,1030064,Mi,27,thunderstorm wind,C,105,NOBLES,FSD,2022-05-11T16:26:00,CST-6,2022-05-11T16:28:00,0,0,0,0,0,5000,Trained Spotter,87.0,EG,,nan,,,,,,,,,,
165657,1002477,In,18,thunderstorm wind,C,153,SULLIVAN,IND,2022-03-07T00:11:00,EST-5,2022-03-07T00:11:00,0,0,0,0,80000,0,Emergency Manager,87.0,EG,,nan,,,,1.0,1.13,WSW,NEW LEBANON,39.0262,-87.5005,POINT(-87.5005 39.0262)
169773,1028475,Wi,55,thunderstorm wind,C,77,MARQUETTE,MKX,2022-06-15T16:17:00,CST-6,2022-06-15T16:20:00,0,0,0,0,200000,0,NWS Storm Survey,87.0,EG,,nan,,,,2.0,7.44,NW,BUDSIN,43.9962,-89.4358,POINT(-89.4358 43.9962)
169773,1028475,Wi,55,thunderstorm wind,C,77,MARQUETTE,MKX,2022-06-15T16:17:00,CST-6,2022-06-15T16:20:00,0,0,0,0,200000,0,NWS Storm Survey,87.0,EG,,nan,,,,1.0,3.76,NNW,WESTFIELD,43.93,-89.51,POINT(-89.51 43.93)
169770,1028449,No,37,thunderstorm wind,C,195,WILSON,RAH,2022-05-20T00:25:00,EST-5,2022-05-20T00:25:00,0,0,0,0,100000,0,County Official,87.0,EG,,nan,,,,1.0,1.93,WSW,WILSON,35.7198,-77.9521,POINT(-77.9521 35.7198)
170878,1036962,Ne,31,thunderstorm wind,C,25,CASS,OAX,2022-06-14T22:20:00,CST-6,2022-06-14T22:20:00,0,0,0,0,0,0,NWS Storm Survey,87.0,EG,,nan,,,,,,,,,,
169676,1031041,Ok,40,thunderstorm wind,C,141,TILLMAN,OUN,2022-05-31T20:45:00,CST-6,2022-05-31T20:50:00,0,0,0,0,20000,0,Emergency Manager,87.0,EG,,nan,,,,,,,,,,
169676,1031038,Ok,40,thunderstorm wind,C,141,TILLMAN,OUN,2022-05-31T22:17:00,CST-6,2022-05-31T22:22:00,0,0,0,0,50000,0,Emergency Manager,87.0,EG,,nan,,,,,,,,,,
171594,1041707,Ne,36,thunderstorm wind,C,51,LIVINGSTON,BUF,2022-06-16T15:24:00,EST-5,2022-06-16T15:24:00,0,0,0,0,20000,0,Broadcast Media,87.0,EG,,nan,,,,1.0,0.0,N,LIVONIA,42.82,-77.67,POINT(-77.67 42.82)
171846,1043356,No,37,thunderstorm wind,C,163,SAMPSON,RAH,2022-06-01T18:05:00,EST-5,2022-06-01T18:05:00,0,0,0,0,100000,0,NWS Storm Survey,87.0,EG,,nan,,,,2.0,1.78,SSE,SALEMBURG,34.9952,-78.5112,POINT(-78.5112 34.9952)
169035,1024855,Pe,42,thunderstorm wind,C,47,ELK,CTP,2022-06-16T16:23:00,EST-5,2022-06-16T16:25:00,0,0,0,0,0,0,NWS Storm Survey,87.0,EG,,nan,,,,2.0,1.85,WSW,BENEZETTE,41.3117,-78.4338,POINT(-78.4338 41.3117)
169035,1024855,Pe,42,thunderstorm wind,C,47,ELK,CTP,2022-06-16T16:23:00,EST-5,2022-06-16T16:25:00,0,0,0,0,0,0,NWS Storm Survey,87.0,EG,,nan,,,,1.0,2.11,N,CALEDONIA,41.3105,-78.4681,POINT(-78.4681 41.3105)
171058,1038312,No,38,thunderstorm wind,C,45,LA MOURE,BIS,2022-06-14T04:50:00,CST-6,2022-06-14T04:58:00,0,0,0,0,250000,0,Public,87.0,EG,,nan,,,,1.0,0.0,N,ADRIAN,46.6,-98.55,POINT(-98.55 46.6)
168703,1038693,Oh,39,thunderstorm wind,C,157,TUSCARAWAS,PBZ,2022-06-13T23:18:00,EST-5,2022-06-13T23:37:00,0,0,0,0,100000,100000,NWS Storm Survey,87.0,EG,,nan,,,,,,,,,,
168548,1035506,Ka,20,thunderstorm wind,C,117,MARSHALL,TOP,2022-06-11T17:00:00,CST-6,2022-06-11T17:01:00,0,0,0,0,0,0,NWS Storm Survey,86.0,EG,,nan,,,,1.0,1.27,WNW,CARDEN,39.84,-96.6,POINT(-96.6 39.84)
176256,1070549,Ca,6,high wind,Z,73,MONO,REV,2022-12-01T05:27:00,PST-8,2022-12-01T05:27:00,0,0,0,0,0,0,Mesonet,86.0,MG,,nan,,,,,,,,,,
174851,1059969,Ca,6,high wind,Z,54,LOS ANGELES COUNTY MOUNTAINS,LOX,2022-11-24T05:10:00,PST-8,2022-11-24T14:15:00,0,0,0,0,0,0,Mesonet,86.0,MG,,nan,,,,,,,,,,
172747,1049921,So,46,thunderstorm wind,C,97,MINER,FSD,2022-07-05T14:06:00,CST-6,2022-07-05T14:44:00,0,0,0,0,0,0,Department of Highways,86.0,MG,,nan,,,,,,,,,,
166673,1008315,Wy,56,high wind,Z,106,CENTRAL LARAMIE RANGE AND SOUTHWEST PLATTE COUNTY,CYS,2022-02-19T11:30:00,MST-7,2022-02-20T03:54:00,0,0,0,0,0,0,Department of Highways,86.0,MG,,nan,,,,,,,,,,
177505,1100792,Wa,53,high wind,Z,45,WESTERN COLUMBIA GORGE,PQR,2022-12-22T08:10:00,PST-8,2022-12-23T11:05:00,0,0,0,0,0,0,Mesonet,86.0,MG,,nan,,,,,,,,,,
177504,1100789,Or,41,high wind,Z,15,WESTERN COLUMBIA RIVER GORGE,PQR,2022-12-22T08:10:00,PST-8,2022-12-23T11:05:00,0,0,0,0,0,0,Mesonet,86.0,MG,,nan,,,,,,,,,,
169676,1032691,Ok,40,thunderstorm wind,C,57,HARMON,OUN,2022-05-31T17:45:00,CST-6,2022-05-31T17:45:00,0,0,0,0,0,0,Mesonet,86.0,MG,,nan,,,,,,,,,,
176261,1071329,Ca,6,high wind,Z,73,MONO,REV,2022-12-10T14:15:00,PST-8,2022-12-10T14:15:00,0,0,0,0,0,0,Mesonet,85.0,MG,,nan,,,,,,,,,,
170616,1034979,We,54,thunderstorm wind,C,27,HAMPSHIRE,LWX,2022-07-12T14:50:00,EST-5,2022-07-12T15:00:00,0,0,0,0,1500,0,NWS Storm Survey,85.0,EG,,nan,,,,1.0,3.71,SW,DELRAY,39.1826,-78.6496,POINT(-78.6496 39.1826)
167022,1020190,Ca,6,high wind,Z,73,MONO,REV,2022-04-16T07:59:00,PST-8,2022-04-16T07:59:00,0,0,0,0,0,0,Mesonet,85.0,MG,,nan,,,,,,,,,,
170608,1034838,Vi,51,thunderstorm wind,C,790,STAUNTON (C),LWX,2022-07-06T15:00:00,EST-5,2022-07-06T15:05:00,0,0,0,0,1200000,0,Broadcast Media,85.0,EG,,nan,,,,1.0,0.74,NE,STAUNTON,38.1588,-79.0623,POINT(-79.0623 38.1588)
174184,1056435,Ne,32,high wind,Z,41,NORTHEASTERN NYE,LKN,2022-11-08T15:32:00,PST-8,2022-11-08T16:32:00,0,0,0,0,0,0,RAWS,84.0,MG,,nan,,,,,,,,,,
170478,1033832,So,46,thunderstorm wind,C,79,LAKE,FSD,2022-05-12T16:09:00,CST-6,2022-05-12T16:13:00,0,0,0,0,0,0,AWOS,84.0,MG,,nan,,,,,,,,,,
170478,1058206,So,46,thunderstorm wind,C,79,LAKE,FSD,2022-05-12T16:08:00,CST-6,2022-05-12T16:12:00,0,0,0,0,0,0,Public,84.0,EG,,nan,,,,,,,,,,
168695,1023526,Il,17,thunderstorm wind,C,31,COOK,LOT,2022-06-13T17:51:00,CST-6,2022-06-13T17:51:00,2,0,0,0,0,0,NWS Storm Survey,83.0,EG,,nan,,,,1.0,0.93,E,BELLWOOD,41.8819,-87.8621,POINT(-87.8621 41.8819)
167319,1016759,Id,16,high wind,Z,28,CAMAS PRAIRIE,BOI,2022-04-04T20:00:00,MST-7,2022-04-04T22:00:00,0,0,0,0,0,0,Mesonet,83.0,EG,,nan,,,,,,,,,,
164358,1004264,Or,41,high wind,Z,4,CENTRAL COAST RANGE OF W OREGON,PQR,2022-01-03T01:12:00,PST-8,2022-01-03T03:12:00,0,0,0,0,30000,0,Mesonet,83.0,MG,,nan,,,,,,,,,,
167644,1015510,Al,1,thunderstorm wind,C,25,CLARKE,MOB,2022-03-30T21:23:00,CST-6,2022-03-30T21:34:00,0,0,0,0,0,0,NWS Storm Survey,83.0,EG,,nan,,,,,,,,,,
170478,1058202,So,46,thunderstorm wind,C,135,YANKTON,FSD,2022-05-12T15:27:00,CST-6,2022-05-12T15:31:00,0,0,0,0,0,0,Emergency Manager,83.0,EG,,nan,,,,,,,,,,
176011,1068686,Ut,49,high wind,Z,111,WASATCH MOUNTAINS SOUTH OF I-80,SLC,2022-12-01T10:00:00,MST-7,2022-12-01T10:00:00,0,0,0,0,0,0,Mesonet,83.0,MG,,nan,,,,,,,,,,
172747,1049840,So,46,thunderstorm wind,C,5,BEADLE,FSD,2022-07-05T12:58:00,CST-6,2022-07-05T13:25:00,0,0,0,0,0,0,ASOS,83.0,MG,,nan,,,,,,,,,,
164215,992529,Ne,32,high wind,Z,3,GREATER RENO/CARSON CITY/MINDEN AREA,REV,2022-01-03T20:00:00,PST-8,2022-01-03T21:00:00,0,0,0,0,0,0,Mesonet,83.0,MG,,nan,,,,,,,,,,
172605,1047704,Te,48,thunderstorm wind,C,135,ECTOR,MAF,2022-08-28T19:30:00,CST-6,2022-08-28T19:31:00,0,0,0,0,112000,0,Emergency Manager,83.0,EG,,nan,,,,1.0,2.0,ENE,ODESSA,31.8599,-102.338,POINT(-102.338 31.8599)
172519,1047151,Ka,20,thunderstorm wind,C,143,OTTAWA,TOP,2022-07-28T03:40:00,CST-6,2022-07-28T03:41:00,0,0,0,0,0,0,NWS Storm Survey,83.0,EG,,nan,,,,1.0,0.87,SE,MINNEAPOLIS,39.12,-97.71,POINT(-97.71 39.12)
167705,1033189,Mi,27,thunderstorm wind,C,73,LAC QUI PARLE,MPX,2022-05-12T17:18:00,CST-6,2022-05-12T17:21:00,0,0,0,0,0,0,NWS Storm Survey,83.0,EG,,nan,,,,2.0,0.91,E,LOUISBURG,45.1697,-96.1613,POINT(-96.1613 45.1697)
172206,1045372,No,38,thunderstorm wind,C,105,WILLIAMS,BIS,2022-07-18T21:15:00,CST-6,2022-07-18T21:25:00,0,0,0,0,325000,0,Emergency Manager,83.0,EG,,nan,,,,1.0,0.0,N,WILDROSE,48.63,-103.18,POINT(-103.18 48.63)
172372,1046317,Te,48,thunderstorm wind,C,451,TOM GREEN,SJT,2022-07-12T15:31:00,CST-6,2022-07-12T15:31:00,0,0,0,0,0,0,Public,83.0,EG,,nan,,,,1.0,6.01,NNW,TANKERSLY,31.43,-100.67,POINT(-100.67 31.43)
167705,1033189,Mi,27,thunderstorm wind,C,73,LAC QUI PARLE,MPX,2022-05-12T17:18:00,CST-6,2022-05-12T17:21:00,0,0,0,0,0,0,NWS Storm Survey,83.0,EG,,nan,,,,1.0,0.54,E,BELLINGHAM,45.1299,-96.2888,POINT(-96.2888 45.1299)
171960,1044043,Ka,20,thunderstorm wind,C,181,SHERMAN,GLD,2022-07-03T17:05:00,MST-7,2022-07-03T17:05:00,0,0,0,0,10000,0,State Official,83.0,EG,,nan,,,,,,,,,,
167705,1025648,Mi,27,thunderstorm wind,C,151,SWIFT,MPX,2022-05-12T17:34:00,CST-6,2022-05-12T17:34:00,0,0,0,0,100000,0,NWS Storm Survey,83.0,EG,,nan,,,,2.0,5.37,NE,APPLETON ARPT,45.2795,-95.9148,POINT(-95.9148 45.2795)
167705,1025648,Mi,27,thunderstorm wind,C,151,SWIFT,MPX,2022-05-12T17:34:00,CST-6,2022-05-12T17:34:00,0,0,0,0,100000,0,NWS Storm Survey,83.0,EG,,nan,,,,1.0,4.38,ENE,APPLETON ARPT,45.2551,-95.9173,POINT(-95.9173 45.2551)
175373,1063479,Ca,6,high wind,Z,55,SAN BERNARDINO COUNTY MOUNTAINS,SGX,2022-11-15T00:00:00,PST-8,2022-11-16T23:59:00,0,0,0,0,0,0,Mesonet,83.0,MG,,nan,,,,,,,,,,
175354,1067705,Al,2,high wind,Z,201,WESTERN ARCTIC COAST,AFG,2022-11-14T22:00:00,AKST-9,2022-11-17T19:00:00,0,0,0,0,0,0,AWOS,83.0,MG,,nan,,,,,,,,,,
167604,1014544,Te,48,thunderstorm wind,C,183,GREGG,SHV,2022-04-12T19:30:00,CST-6,2022-04-12T19:30:00,0,0,0,0,0,0,NWS Storm Survey,83.0,EG,,nan,,,,,,,,,,
174916,1060427,Ut,49,high wind,Z,110,WASATCH MOUNTAINS I-80 NORTH,SLC,2022-10-22T05:15:00,PDT-7,2022-10-22T05:15:00,0,0,0,0,0,0,Mesonet,83.0,EG,,nan,,,,,,,,,,
170594,1034779,Ne,31,thunderstorm wind,C,89,HOLT,LBF,2022-06-20T20:58:00,CST-6,2022-06-20T20:58:00,0,0,0,0,0,0,Public,83.0,EG,,nan,,,,,,,,,,
170478,1038033,So,46,thunderstorm wind,C,87,MCCOOK,FSD,2022-05-12T15:48:00,CST-6,2022-05-12T15:50:00,0,0,0,0,0,0,Emergency Manager,83.0,EG,,nan,,,,,,,,,,
170478,1034250,So,46,thunderstorm wind,C,87,MCCOOK,FSD,2022-05-12T15:54:00,CST-6,2022-05-12T15:59:00,0,0,0,0,0,0,Emergency Manager,83.0,EG,,nan,,,,,,,,,,
170478,1034252,So,46,thunderstorm wind,C,87,MCCOOK,FSD,2022-05-12T15:54:00,CST-6,2022-05-12T15:59:00,0,0,0,0,0,0,Emergency Manager,83.0,EG,,nan,,,,,,,,,,
172519,1047153,Ka,20,thunderstorm wind,C,143,OTTAWA,TOP,2022-07-28T03:40:00,CST-6,2022-07-28T03:41:00,0,0,0,0,0,0,COOP Observer,83.0,EG,,nan,,,,1.0,1.07,E,MINNEAPOLIS,39.13,-97.7,POINT(-97.7 39.13)
170478,1033862,So,46,thunderstorm wind,C,79,LAKE,FSD,2022-05-12T16:15:00,CST-6,2022-05-12T16:19:00,0,0,0,0,0,0,Mesonet,83.0,MG,,nan,,,,,,,,,,
174685,1058970,Ne,32,high wind,Z,19,SPRING MOUNTAINS,VEF,2022-11-08T13:40:00,PST-8,2022-11-08T22:40:00,0,0,0,0,0,0,Mesonet,83.0,MG,,nan,,,,,,,,,,
174601,1058301,Ca,6,high wind,Z,331,SOUTH END OF THE UPPER SIERRA,HNX,2022-11-28T13:27:00,PST-8,2022-11-28T13:27:00,0,0,0,0,0,0,RAWS,83.0,MG,,nan,,,,,,,,,,
171960,1044042,Ka,20,thunderstorm wind,C,181,SHERMAN,GLD,2022-07-03T16:46:00,MST-7,2022-07-03T16:46:00,0,0,0,0,10000,0,Law Enforcement,83.0,EG,,nan,,,,,,,,,,
170478,1033778,So,46,thunderstorm wind,C,9,BON HOMME,FSD,2022-05-12T15:12:00,CST-6,2022-05-12T15:17:00,0,0,0,0,0,0,COOP Observer,83.0,EG,,nan,,,,,,,,,,
170478,1033770,So,46,thunderstorm wind,C,23,CHARLES MIX,FSD,2022-05-12T15:15:00,CST-6,2022-05-12T15:20:00,0,0,0,0,0,0,Public,83.0,EG,,nan,,,,,,,,,,
167207,1023242,So,45,thunderstorm wind,C,19,CHARLESTON,CHS,2022-04-05T18:44:00,EST-5,2022-04-05T18:54:00,0,0,0,0,0,0,NWS Storm Survey,83.0,EG,,nan,,,,2.0,3.63,WSW,MORRIS ACRES,32.7267,-80.156,POINT(-80.156 32.7267)
167207,1023242,So,45,thunderstorm wind,C,19,CHARLESTON,CHS,2022-04-05T18:44:00,EST-5,2022-04-05T18:54:00,0,0,0,0,0,0,NWS Storm Survey,83.0,EG,,nan,,,,1.0,3.94,S,RANTOWLES,32.7239,-80.1618,POINT(-80.1618 32.7239)
167183,1014772,Ne,31,thunderstorm wind,C,59,FILLMORE,GID,2022-04-29T18:15:00,CST-6,2022-04-29T18:40:00,0,0,0,0,0,0,NWS Storm Survey,83.0,EG,,nan,,,,2.0,5.4,W,MILLIGAN,40.4956,-97.4827,POINT(-97.4827 40.4956)
167183,1014772,Ne,31,thunderstorm wind,C,59,FILLMORE,GID,2022-04-29T18:15:00,CST-6,2022-04-29T18:40:00,0,0,0,0,0,0,NWS Storm Survey,83.0,EG,,nan,,,,1.0,5.49,W,SHICKLEY,40.4231,-97.8242,POINT(-97.8242 40.4231)
170478,1058494,So,46,thunderstorm wind,C,23,CHARLES MIX,FSD,2022-05-12T15:07:00,CST-6,2022-05-12T15:11:00,0,0,0,0,0,0,Emergency Manager,83.0,EG,,nan,,,,,,,,,,
170478,1058915,So,46,thunderstorm wind,C,87,MCCOOK,FSD,2022-05-12T15:53:00,CST-6,2022-05-12T15:57:00,0,0,0,0,0,0,Emergency Manager,83.0,EG,,nan,,,,,,,,,,
167183,1014763,Ne,31,thunderstorm wind,C,35,CLAY,GID,2022-04-29T18:05:00,CST-6,2022-04-29T18:15:00,0,0,0,0,0,0,NWS Storm Survey,83.0,EG,,nan,,,,2.0,3.79,NE,ONG,40.4423,-97.8242,POINT(-97.8242 40.4423)
170469,1057298,Mi,28,thunderstorm wind,C,103,NOXUBEE,JAN,2022-04-13T20:05:00,CST-6,2022-04-13T20:10:00,0,0,0,0,5000,0,NWS Storm Survey,83.0,EG,,nan,,,,,,,,,,
174030,1055629,Ca,6,high wind,Z,338,MOJAVE DESERT SLOPE(S),HNX,2022-10-22T18:26:00,PST-8,2022-10-22T18:26:00,0,0,0,0,0,0,RAWS,83.0,MG,,nan,,,,,,,,,,
167183,1014763,Ne,31,thunderstorm wind,C,35,CLAY,GID,2022-04-29T18:05:00,CST-6,2022-04-29T18:15:00,0,0,0,0,0,0,NWS Storm Survey,83.0,EG,,nan,,,,1.0,2.65,WNW,ONG,40.4085,-97.9191,POINT(-97.9191 40.4085)
170340,1039478,Ne,31,thunderstorm wind,C,35,CLAY,GID,2022-06-14T23:02:00,CST-6,2022-06-14T23:07:00,0,0,0,0,2000000,15000000,NWS Storm Survey,83.0,EG,,nan,,,,,,,,,,
170295,1038044,Mi,27,thunderstorm wind,C,105,NOBLES,FSD,2022-05-30T01:40:00,CST-6,2022-05-30T01:42:00,0,0,0,0,0,0,NWS Storm Survey,83.0,EG,,nan,,,,,,,,,,
166900,1010183,Lo,22,thunderstorm wind,C,111,UNION,SHV,2022-04-05T02:54:00,CST-6,2022-04-05T02:54:00,0,0,0,0,0,0,NWS Storm Survey,83.0,EG,,nan,,,,,,,,,,
170478,1058900,So,46,thunderstorm wind,C,87,MCCOOK,FSD,2022-05-12T15:54:00,CST-6,2022-05-12T15:58:00,0,0,0,0,0,0,Emergency Manager,83.0,EG,,nan,,,,,,,,,,
170054,1032212,Te,48,thunderstorm wind,C,147,FANNIN,FWD,2022-05-15T20:50:00,CST-6,2022-05-15T21:00:00,0,0,0,0,500000,0,NWS Storm Survey,83.0,EG,,nan,,,,2.0,1.15,E,HONEY GROVE,33.58,-95.9,POINT(-95.9 33.58)
170054,1032212,Te,48,thunderstorm wind,C,147,FANNIN,FWD,2022-05-15T20:50:00,CST-6,2022-05-15T21:00:00,0,0,0,0,500000,0,NWS Storm Survey,83.0,EG,,nan,,,,1.0,1.5,NNE,HONEY GROVE,33.6,-95.91,POINT(-95.91 33.6)
176601,1073181,Co,8,high wind,Z,86,PUEBLO VICINITY / PUEBLO COUNTY BELOW 6300 FT,PUB,2022-12-01T23:00:00,MST-7,2022-12-01T23:03:00,0,0,0,0,0,0,Public,83.0,MG,,nan,,,,,,,,,,
176565,1072243,Te,48,high wind,Z,271,GUADALUPE AND DELAWARE MOUNTAINS,MAF,2022-12-28T00:00:00,CST-6,2022-12-28T23:46:00,0,0,0,0,0,0,Mesonet,83.0,MG,,nan,,,,,,,,,,
174359,1057189,Lo,22,thunderstorm wind,C,15,BOSSIER,SHV,2022-11-04T21:43:00,CST-6,2022-11-04T21:43:00,0,0,0,0,0,0,NWS Storm Survey,83.0,EG,,nan,,,,1.0,2.76,WSW,LAKE BISTINEAU SOUTH,32.3553,-93.444,POINT(-93.444 32.3553)
168703,1038697,Oh,39,thunderstorm wind,C,157,TUSCARAWAS,PBZ,2022-06-13T23:28:00,EST-5,2022-06-13T23:28:00,0,0,0,0,0,0,Social Media,83.0,EG,,nan,,,,,,,,,,
168548,1035508,Ka,20,thunderstorm wind,C,117,MARSHALL,TOP,2022-06-11T17:35:00,CST-6,2022-06-11T17:36:00,0,0,0,0,0,0,NWS Storm Survey,82.0,EG,,nan,,,,1.0,0.53,W,BESTWALL,39.68,-96.68,POINT(-96.68 39.68)
175702,1066688,Or,41,high wind,Z,15,WESTERN COLUMBIA RIVER GORGE,PQR,2022-11-16T00:00:00,PST-8,2022-11-16T23:59:00,0,0,0,0,0,0,Mesonet,82.0,MG,,nan,,,,,,,,,,
167705,1019741,Mi,27,thunderstorm wind,C,73,LAC QUI PARLE,MPX,2022-05-12T17:08:00,CST-6,2022-05-12T17:08:00,0,0,0,0,0,0,AWOS,82.0,MG,,nan,,,,1.0,0.69,N,MADISON ARPT,44.99,-96.18,POINT(-96.18 44.99)
166594,1007768,Wy,56,high wind,Z,110,NORTH SNOWY RANGE FOOTHILLS,CYS,2022-04-04T12:12:00,MST-7,2022-04-05T19:32:00,0,0,0,0,0,0,Department of Highways,82.0,MG,,nan,,,,,,,,,,
170211,1032499,Mi,27,thunderstorm wind,C,159,WADENA,FGF,2022-05-12T18:55:00,CST-6,2022-05-12T18:55:00,0,0,0,0,0,0,Mesonet,82.0,MG,,nan,,,,1.0,1.59,WNW,VERNDALE,46.41,-95.05,POINT(-95.05 46.41)
169747,1027963,Wy,56,thunderstorm wind,C,29,PARK,RIW,2022-05-16T09:45:00,MST-7,2022-05-16T09:45:00,0,0,0,0,0,0,Park/Forest Service,82.0,MG,,nan,,,,2.0,0.83,N,EAST ENTRANCE,44.492,-109.9993,POINT(-109.9993 44.492)
169747,1027963,Wy,56,thunderstorm wind,C,29,PARK,RIW,2022-05-16T09:45:00,MST-7,2022-05-16T09:45:00,0,0,0,0,0,0,Park/Forest Service,82.0,MG,,nan,,,,1.0,0.69,N,EAST ENTRANCE,44.49,-110.0,POINT(-110 44.49)
169489,1026711,Oh,39,thunderstorm wind,C,169,WAYNE,CLE,2022-06-13T22:59:00,EST-5,2022-06-13T22:59:00,0,0,0,0,0,0,NWS Storm Survey,82.0,EG,,nan,,,,,,,,,,
176266,1135994,Ne,32,high wind,Z,1,MINERAL/SOUTHERN LYON,REV,2022-12-30T18:56:00,PST-8,2022-12-30T18:56:00,0,0,0,0,5000000,0,Department of Highways,82.0,MG,,nan,,,,,,,,,,
175791,1067312,Wy,56,high wind,Z,20,NATRONA COUNTY LOWER ELEVATIONS,RIW,2022-11-04T21:14:00,MST-7,2022-11-05T17:42:00,0,0,0,0,0,0,Mesonet,81.0,MG,,nan,,,,,,,,,,
166231,1005173,Or,41,high wind,Z,507,FOOTHILLS OF THE NORTHERN BLUE MOUNTAINS OF OREGON,PDT,2022-01-02T19:00:00,PST-8,2022-01-03T11:25:00,0,0,0,0,0,0,Department of Highways,81.0,MG,,nan,,,,,,,,,,
166954,1020163,Ne,32,high wind,Z,2,GREATER LAKE TAHOE AREA,REV,2022-04-11T15:40:00,PST-8,2022-04-11T15:40:00,0,0,0,0,0,0,Mesonet,81.0,MG,,nan,,,,,,,,,,
166871,1009955,Ne,35,high wind,Z,213,NORTHERN SANGRE DE CRISTO MOUNTAINS,ABQ,2022-04-22T14:00:00,MST-7,2022-04-22T18:00:00,0,0,0,0,0,0,Mesonet,81.0,MG,,nan,,,,,,,,,,
170469,1057241,Mi,28,thunderstorm wind,C,105,OKTIBBEHA,JAN,2022-04-13T20:00:00,CST-6,2022-04-13T20:03:00,0,0,0,0,1000,0,NWS Storm Survey,81.0,EG,,nan,,,,,,,,,,
166313,1013195,Al,1,thunderstorm wind,C,77,LAUDERDALE,HUN,2022-03-30T18:46:00,CST-6,2022-03-30T18:58:00,0,0,0,0,90000,0,NWS Storm Survey,81.0,EG,,nan,,,,2.0,0.64,NNW,CLOVERDALE,34.939,-87.773,POINT(-87.773 34.939)
166313,1013195,Al,1,thunderstorm wind,C,77,LAUDERDALE,HUN,2022-03-30T18:46:00,CST-6,2022-03-30T18:58:00,0,0,0,0,90000,0,NWS Storm Survey,81.0,EG,,nan,,,,1.0,1.09,W,SULLIVAN XRDS,34.902,-87.819,POINT(-87.819 34.902)
166800,1014924,Ne,32,high wind,Z,2,GREATER LAKE TAHOE AREA,REV,2022-04-04T19:00:00,PST-8,2022-04-04T20:00:00,0,0,0,0,0,0,Mesonet,81.0,MG,,nan,,,,,,,,,,
176266,1071428,Ne,32,high wind,Z,1,MINERAL/SOUTHERN LYON,REV,2022-12-30T18:56:00,PST-8,2022-12-30T18:56:00,0,0,0,0,0,0,Mesonet,81.0,MG,,nan,,,,,,,,,,
164564,993646,Ca,6,high wind,Z,318,MARIPOSA - MADERA LOWER SIERRA,HNX,2022-01-21T14:14:00,PST-8,2022-01-21T14:14:00,0,0,0,0,0,0,Mesonet,81.0,EG,,nan,,,,,,,,,,
169266,1025397,Ne,32,high wind,Z,2,GREATER LAKE TAHOE AREA,REV,2022-05-02T13:40:00,PST-8,2022-05-02T13:40:00,0,0,0,0,0,0,Mesonet,81.0,MG,,nan,,,,,,,,,,
174378,1080254,Mi,28,thunderstorm wind,C,127,SIMPSON,JAN,2022-04-17T17:52:00,CST-6,2022-04-17T18:08:00,0,0,0,0,250000,0,NWS Storm Survey,80.0,EG,,nan,,,,,,,,,,
168274,1021712,So,46,thunderstorm wind,C,57,HAMLIN,ABR,2022-05-12T16:22:00,CST-6,2022-05-12T16:22:00,0,0,0,0,0,0,Trained Spotter,80.0,EG,,nan,,,,,,,,,,
172400,1046531,Vi,51,thunderstorm wind,C,710,NORFOLK (C),AKQ,2022-07-26T14:38:00,EST-5,2022-07-26T14:38:00,0,0,0,0,50000000,0,Emergency Manager,80.0,EG,,nan,,,,1.0,2.15,NNE,HAMPTON RDS,36.95,-76.31,POINT(-76.31 36.95)
171692,1042232,Ka,20,thunderstorm wind,C,129,MORTON,DDC,2022-06-08T02:19:00,CST-6,2022-06-08T02:19:00,0,0,0,0,0,0,Public,80.0,MG,,nan,,,,1.0,4.75,NW,ELKHART,37.04,-101.97,POINT(-101.97 37.04)
176261,1071332,Ca,6,high wind,Z,71,LASSEN/EASTERN PLUMAS/EASTERN SIERRA,REV,2022-12-10T21:15:00,PST-8,2022-12-10T21:15:00,0,0,0,0,0,0,Mesonet,80.0,MG,,nan,,,,,,,,,,
170609,1034907,Ma,24,thunderstorm wind,C,31,MONTGOMERY,LWX,2022-07-12T17:00:00,EST-5,2022-07-12T17:00:00,0,0,0,0,1000000,0,NWS Storm Survey,80.0,EG,,nan,,,,1.0,0.66,W,OLNEY,39.1492,-77.0822,POINT(-77.0822 39.1492)
170609,1034905,Ma,24,thunderstorm wind,C,33,PRINCE GEORGE'S,LWX,2022-07-12T17:00:00,EST-5,2022-07-12T17:10:00,0,0,0,0,1500000,0,NWS Storm Survey,80.0,EG,,nan,,,,1.0,0.37,SW,BRANCHVILLE,38.9961,-76.9348,POINT(-76.9348 38.9961)
167262,1020146,Ka,20,thunderstorm wind,C,197,WABAUNSEE,TOP,2022-04-29T20:10:00,CST-6,2022-04-29T20:11:00,0,0,0,0,0,0,Law Enforcement,80.0,EG,,nan,,,,1.0,2.63,NE,ESKRIDGE,38.88,-96.07,POINT(-96.07 38.88)
167262,1020145,Ka,20,thunderstorm wind,C,197,WABAUNSEE,TOP,2022-04-29T20:07:00,CST-6,2022-04-29T20:08:00,0,0,0,0,0,0,Fire Department/Rescue,80.0,EG,,nan,,,,1.0,4.18,N,BRADFORD,38.88,-96.02,POINT(-96.02 38.88)
167262,1020144,Ka,20,thunderstorm wind,C,85,JACKSON,TOP,2022-04-29T19:47:00,CST-6,2022-04-29T19:48:00,0,0,0,0,0,0,Emergency Manager,80.0,EG,,nan,,,,1.0,1.38,N,MAYETTA,39.35,-95.73,POINT(-95.73 39.35)
167262,1020143,Ka,20,thunderstorm wind,C,127,MORRIS,TOP,2022-04-29T19:27:00,CST-6,2022-04-29T19:28:00,0,0,0,0,0,0,Public,80.0,EG,,nan,,,,1.0,0.88,SW,PARKERVILLE,38.76,-96.66,POINT(-96.66 38.76)
170478,1033857,So,46,thunderstorm wind,C,11,BROOKINGS,FSD,2022-05-12T16:26:00,CST-6,2022-05-12T16:30:00,0,0,0,0,0,0,Emergency Manager,80.0,EG,,nan,,,,,,,,,,
167262,1020142,Ka,20,thunderstorm wind,C,149,POTTAWATOMIE,TOP,2022-04-29T19:16:00,CST-6,2022-04-29T19:17:00,0,0,0,0,0,0,Emergency Manager,80.0,EG,,nan,,,,1.0,0.54,W,BELVUE,39.22,-96.18,POINT(-96.18 39.22)
167262,1020141,Ka,20,thunderstorm wind,C,149,POTTAWATOMIE,TOP,2022-04-29T19:14:00,CST-6,2022-04-29T19:15:00,0,0,0,0,0,0,Emergency Manager,80.0,EG,,nan,,,,1.0,0.54,E,WAMEGO MUNI ARPT,39.2,-96.26,POINT(-96.26 39.2)
167262,1020140,Ka,20,thunderstorm wind,C,149,POTTAWATOMIE,TOP,2022-04-29T19:12:00,CST-6,2022-04-29T19:13:00,0,0,0,0,0,0,Emergency Manager,80.0,EG,,nan,,,,1.0,0.87,SW,WAMEGO MUNI ARPT,39.19,-96.28,POINT(-96.28 39.19)
170469,1074013,Mi,28,thunderstorm wind,C,79,LEAKE,JAN,2022-04-13T18:39:00,CST-6,2022-04-13T19:05:00,0,0,0,0,50000,0,NWS Storm Survey,80.0,EG,,nan,,,,,,,,,,
170247,1032128,Fl,12,thunderstorm wind,C,33,ESCAMBIA,MOB,2022-05-25T04:08:00,CST-6,2022-05-25T04:13:00,0,0,0,0,0,0,NWS Storm Survey,80.0,EG,,nan,,,,1.0,0.6,W,(PNS)PENSACOLA REGIO,30.47,-87.19,POINT(-87.19 30.47)
167262,1020137,Ka,20,thunderstorm wind,C,149,POTTAWATOMIE,TOP,2022-04-29T19:10:00,CST-6,2022-04-29T19:11:00,0,0,0,0,0,0,Emergency Manager,80.0,EG,,nan,,,,1.0,0.87,SW,WAMEGO,39.19,-96.33,POINT(-96.33 39.19)
169489,1026703,Oh,39,thunderstorm wind,C,75,HOLMES,CLE,2022-06-13T23:03:00,EST-5,2022-06-13T23:03:00,0,0,0,0,50000,0,Public,80.0,EG,,nan,,,,,,,,,,
169093,1024284,Vi,51,thunderstorm wind,C,61,FAUQUIER,LWX,2022-06-22T15:30:00,EST-5,2022-06-22T15:40:00,0,0,0,0,1500,0,Emergency Manager,80.0,EG,,nan,,,,1.0,0.52,NNW,DUDIE,38.737,-77.8834,POINT(-77.8834 38.737)
168820,1022514,So,46,thunderstorm wind,C,19,BUTTE,UNR,2022-06-11T19:27:00,MST-7,2022-06-11T19:27:00,0,0,0,0,0,0,Mesonet,80.0,MG,,nan,,,,1.0,11.77,WSW,CASTLE ROCK,44.92,-103.66,POINT(-103.66 44.92)
169749,1027971,Wy,56,high wind,Z,15,WIND RIVER MOUNTAINS EAST,RIW,2022-05-19T01:01:00,MST-7,2022-05-19T10:10:00,0,0,0,0,0,0,Department of Highways,80.0,MG,,nan,,,,,,,,,,
168336,1019140,Al,2,high wind,Z,185,EASTERN ALEUTIANS,AFC,2022-02-19T16:12:00,AKST-9,2022-02-20T15:02:00,0,0,0,0,0,0,AWOS,80.0,MG,,nan,,,,,,,,,,